0;23;50;60;-1;184;136;187;39;19;-1;-1;35;1;19;58;-1;201;104;43;142;40;27;72;34;128;190;-1;18;108;37;-1;170;197;-1;71;77;156;146;195;52;-1;175;25;146;-1;68;191;123;21;-1;-1;66;63;-1;161;-1;175;26;198;87;55;87;186;-1;99;8;78;68;93;175;193;143;5;9;63;139;17;16;108;190;95;-1;106;-1;140;99;87;-1;71;7;-1;-1;-1;-1;-1;66;133;81;166
23;0;153;124;121;129;192;142;95;3;-1;113;193;-1;14;80;74;198;79;54;38;-1;69;162;158;35;44;171;-1;130;124;48;-1;139;171;24;198;-1;40;199;142;69;191;-1;65;105;150;62;45;29;110;133;92;-1;63;52;141;12;174;123;-1;177;83;36;124;48;125;200;-1;92;139;25;147;100;132;170;152;7;90;87;57;163;65;179;49;82;92;60;103;-1;160;47;187;172;174;172;42;58;-1;-1
50;153;0;118;180;151;182;-1;91;189;53;69;103;128;-1;4;90;174;-1;115;42;95;127;-1;38;-1;59;5;22;120;31;198;100;142;23;-1;31;191;-1;199;117;80;179;-1;-1;152;172;50;122;-1;72;52;117;177;54;-1;187;189;148;37;-1;-1;195;72;-1;107;-1;125;-1;182;-1;-1;116;6;14;-1;101;129;181;61;180;132;6;99;167;109;94;-1;36;-1;139;172;100;122;155;194;-1;199;31;24
60;124;118;0;144;127;-1;43;120;181;39;160;15;38;184;-1;159;89;67;-1;-1;-1;11;173;-1;42;163;15;5;52;199;172;52;70;31;175;-1;125;104;37;-1;6;178;-1;82;8;83;118;176;84;21;90;97;58;149;99;12;193;-1;146;180;148;99;157;108;156;170;194;80;-1;146;180;15;-1;69;33;181;19;123;180;98;71;-1;38;26;158;143;55;26;57;-1;149;147;120;146;63;52;-1;93;124
-1;121;180;144;0;-1;136;123;175;81;12;151;183;103;39;-1;112;-1;108;145;20;181;100;-1;104;6;61;76;194;50;117;56;194;149;97;192;-1;9;-1;28;-1;194;191;9;65;121;129;56;-1;30;150;-1;-1;23;158;174;4;22;91;111;39;48;181;-1;117;53;69;-1;-1;184;57;132;-1;187;61;94;83;163;176;-1;53;35;1;40;143;76;199;15;70;133;5;12;168;-1;137;-1;50;130;151;85
184;129;151;127;-1;0;-1;96;172;136;91;139;-1;11;23;128;-1;19;43;141;124;93;69;-1;197;154;-1;79;135;-1;163;155;-1;114;9;34;122;139;50;68;22;100;197;14;195;-1;167;57;3;-1;137;-1;151;-1;17;106;40;-1;194;124;72;47;48;43;110;77;138;46;158;125;77;24;115;22;-1;71;-1;115;43;36;20;154;-1;-1;82;118;-1;116;65;-1;65;55;58;64;66;105;55;167;-1;87
136;192;182;-1;136;-1;0;53;115;121;-1;107;80;14;125;-1;176;31;18;131;-1;79;-1;103;79;7;53;43;91;-1;161;166;107;183;85;69;-1;106;83;17;71;102;87;32;-1;155;56;40;153;9;5;-1;42;122;157;87;-1;57;20;60;102;112;161;155;48;16;76;112;-1;22;181;19;30;183;49;38;24;113;-1;34;156;126;125;124;-1;93;-1;29;81;29;36;55;64;59;59;121;11;131;113;-1
187;142;-1;43;123;96;53;0;13;-1;-1;27;10;-1;149;34;-1;180;103;92;195;158;27;-1;90;-1;85;-1;177;60;-1;113;139;-1;64;42;134;173;197;-1;-1;55;146;-1;135;2;183;154;179;193;153;100;-1;88;106;-1;121;25;153;182;42;-1;77;139;76;143;117;21;-1;-1;-1;75;-1;65;1;-1;-1;146;55;191;22;-1;-1;-1;-1;187;72;101;-1;-1;-1;148;93;192;135;-1;137;106;106;105
39;95;91;120;175;172;115;13;0;73;8;119;93;73;98;166;130;-1;101;177;156;186;160;79;152;155;25;66;173;193;80;82;81;1;94;-1;115;191;114;175;-1;26;3;80;18;130;-1;171;157;18;61;178;163;194;125;-1;-1;47;125;118;-1;-1;108;-1;3;195;147;97;117;87;16;112;188;156;183;59;175;106;68;184;187;-1;108;-1;158;126;165;55;70;37;82;44;33;97;149;108;184;-1;193;36
19;3;189;181;81;136;121;-1;73;0;-1;42;-1;162;139;-1;32;15;146;8;56;-1;-1;39;86;81;118;117;90;161;159;190;172;-1;185;179;55;-1;-1;165;106;133;34;87;51;166;103;200;-1;153;28;-1;190;-1;-1;122;98;27;12;28;110;160;164;-1;119;4;74;24;-1;170;-1;31;2;58;183;-1;163;45;-1;-1;162;25;200;137;135;-1;135;164;67;90;73;89;51;-1;38;28;-1;103;-1;72
-1;-1;53;39;12;91;-1;-1;8;-1;0;140;154;147;111;-1;192;160;7;26;112;53;-1;26;91;79;158;165;5;-1;-1;138;135;-1;33;186;-1;13;33;12;198;-1;99;70;34;-1;160;174;-1;86;-1;39;35;-1;-1;91;24;130;129;73;188;50;17;58;-1;153;26;-1;114;109;185;155;12;59;38;169;23;87;163;-1;171;88;185;48;-1;106;125;155;110;188;-1;-1;31;156;198;86;51;114;99;150
-1;113;69;160;151;139;107;27;119;42;140;0;-1;-1;90;-1;8;177;44;-1;-1;170;173;169;136;48;194;-1;-1;144;182;22;32;-1;-1;170;-1;-1;41;10;98;40;66;155;-1;-1;32;178;116;105;80;3;133;67;83;115;156;70;-1;-1;106;120;-1;157;-1;-1;50;-1;140;67;75;90;17;7;157;185;75;146;63;150;176;56;125;75;128;65;-1;34;87;70;195;56;40;142;61;73;70;94;173;190
35;193;103;15;183;-1;80;10;93;-1;154;-1;0;56;148;43;169;128;38;155;164;-1;141;128;83;198;197;6;56;-1;49;113;23;-1;125;40;146;-1;-1;28;-1;18;86;86;-1;186;113;172;10;72;39;191;175;127;192;61;26;-1;131;-1;-1;114;66;85;-1;199;113;-1;-1;73;102;-1;72;96;1;-1;112;44;-1;152;162;-1;-1;21;-1;6;-1;8;108;21;197;-1;187;73;-1;75;79;2;161;79
1;-1;128;38;103;11;14;-1;73;162;147;-1;56;0;63;61;170;64;156;58;-1;14;140;51;76;-1;-1;95;-1;27;51;23;75;28;-1;-1;-1;120;-1;112;102;49;156;-1;71;31;-1;153;24;166;74;127;88;156;-1;-1;193;191;192;160;6;-1;3;45;114;189;92;84;93;181;15;126;-1;46;195;15;25;126;-1;68;67;165;3;124;100;63;174;36;128;177;156;76;97;162;7;156;87;-1;91;96
19;14;-1;184;39;23;125;149;98;139;111;90;148;63;0;158;4;151;134;159;34;74;31;146;173;108;34;-1;182;-1;138;138;21;-1;72;-1;57;66;-1;-1;-1;3;191;145;128;154;47;59;1;38;-1;59;-1;161;30;39;147;8;179;192;168;100;-1;-1;5;7;-1;47;15;-1;48;168;165;144;139;98;70;101;172;88;137;-1;-1;-1;18;92;49;32;169;45;81;-1;186;134;-1;6;24;183;130;-1
58;80;4;-1;-1;128;-1;34;166;-1;-1;-1;43;61;158;0;-1;154;-1;134;176;-1;105;106;194;179;32;23;144;36;110;160;40;27;117;46;-1;146;121;145;159;91;51;199;25;57;79;-1;137;50;63;95;95;82;6;14;-1;176;137;67;89;178;-1;73;117;94;-1;140;66;73;91;193;182;196;67;5;172;96;165;113;53;-1;103;-1;86;42;178;163;200;44;-1;130;93;-1;40;186;-1;-1;-1;173
-1;74;90;159;112;-1;176;-1;130;32;192;8;169;170;4;-1;0;53;-1;-1;163;-1;179;116;146;107;97;106;152;42;15;88;77;39;92;-1;-1;136;-1;116;-1;-1;-1;191;128;169;30;120;-1;69;-1;7;151;-1;116;72;-1;107;3;117;9;-1;122;-1;30;107;-1;191;20;53;35;140;122;37;3;160;126;-1;188;198;62;45;81;172;177;-1;50;188;-1;44;165;-1;57;-1;171;-1;16;-1;171;114
201;198;174;89;-1;19;31;180;-1;15;160;177;128;64;151;154;53;0;-1;125;18;101;198;129;84;113;191;46;74;114;141;27;52;149;-1;95;187;124;156;91;53;86;54;81;189;124;77;-1;8;142;100;108;99;-1;103;170;90;58;8;68;8;46;99;153;25;-1;54;67;5;117;28;41;66;-1;20;32;4;52;20;100;181;132;86;29;174;184;64;-1;-1;59;-1;24;123;100;127;-1;48;113;-1;-1
104;79;-1;67;108;43;18;103;101;146;7;44;38;156;134;-1;-1;-1;0;-1;-1;87;55;-1;81;67;75;-1;24;75;128;181;44;182;-1;192;112;179;85;108;-1;22;-1;155;127;79;-1;86;28;64;93;62;56;-1;165;48;134;191;-1;159;-1;-1;81;125;55;85;73;-1;144;94;21;13;-1;135;141;-1;151;188;198;-1;102;52;126;145;185;175;117;29;119;193;146;161;53;154;106;35;-1;22;131;82
43;54;115;-1;145;141;131;92;177;8;26;-1;155;58;159;134;-1;125;-1;0;-1;110;93;-1;-1;133;18;96;10;191;80;33;86;16;-1;171;152;133;184;-1;-1;9;114;133;168;25;104;5;182;196;159;117;122;-1;161;-1;108;82;87;143;31;153;84;58;111;176;85;6;82;-1;33;-1;146;-1;147;62;18;110;155;181;162;148;152;184;79;188;-1;124;178;88;139;-1;94;6;87;17;93;129;107;129
142;38;42;-1;20;124;-1;195;156;56;112;-1;164;-1;34;176;163;18;-1;-1;0;31;-1;180;88;25;103;142;23;-1;170;71;74;105;183;43;89;-1;50;18;51;38;-1;136;10;24;17;115;160;37;134;180;188;152;22;189;99;131;147;118;-1;152;120;-1;82;29;139;194;93;110;-1;-1;127;149;22;37;-1;168;-1;174;121;67;21;131;189;-1;45;-1;122;145;-1;113;11;41;73;106;30;-1;93;27
40;-1;95;-1;181;93;79;158;186;-1;53;170;-1;14;74;-1;-1;101;87;110;31;0;4;79;34;192;153;51;-1;172;-1;-1;112;156;141;-1;38;39;114;57;44;108;-1;122;169;199;68;43;67;-1;103;-1;15;-1;94;122;-1;116;97;17;3;42;145;122;80;116;44;177;88;10;50;134;43;-1;-1;84;-1;170;171;148;14;112;-1;177;89;80;119;146;150;-1;71;125;165;-1;122;134;25;103;60;36
27;69;127;11;100;69;-1;27;160;-1;-1;173;141;140;31;105;179;198;55;93;-1;4;0;47;138;148;50;141;61;71;-1;6;124;8;102;-1;153;124;50;188;59;49;-1;60;87;47;43;36;86;82;137;81;28;-1;49;9;86;136;33;16;-1;70;-1;17;-1;122;96;168;129;176;-1;27;-1;96;-1;13;22;107;112;18;30;99;114;122;193;-1;49;99;109;28;-1;12;104;28;90;-1;7;164;44;27
72;162;-1;173;-1;-1;103;-1;79;39;26;169;128;51;146;106;116;129;-1;-1;180;79;47;0;68;131;94;95;29;-1;62;121;180;83;65;138;-1;12;45;10;-1;32;29;164;21;66;121;-1;29;51;76;20;21;84;156;-1;26;187;155;98;6;158;54;-1;40;187;32;69;194;156;54;-1;48;-1;-1;127;57;2;64;106;30;-1;163;93;-1;193;103;111;103;107;117;137;105;-1;129;27;-1;5;-1;183
34;158;38;-1;104;197;79;90;152;86;91;136;83;76;173;194;146;84;81;-1;88;34;138;68;0;125;197;58;99;62;180;122;-1;151;95;144;24;187;38;37;32;1;45;125;188;98;182;64;126;-1;112;71;68;110;117;178;-1;154;115;1;153;7;156;75;184;153;154;154;151;116;194;148;-1;191;69;6;191;-1;143;18;171;84;-1;172;169;74;173;135;162;85;149;98;-1;65;162;16;40;18;139;1
128;35;-1;42;6;154;7;-1;155;81;79;48;198;-1;108;179;107;113;67;133;25;192;148;131;125;0;59;109;116;85;66;72;57;32;173;93;-1;168;-1;62;83;76;65;63;155;60;57;169;163;35;116;163;28;146;137;143;69;50;103;-1;125;7;-1;34;6;166;25;-1;139;46;111;46;42;19;180;46;167;12;161;-1;147;-1;90;67;-1;76;101;12;74;71;79;86;122;-1;126;112;173;157;39;76
190;44;59;163;61;-1;53;85;25;118;158;194;197;-1;34;32;97;191;75;18;103;153;50;94;197;59;0;116;137;50;68;121;56;44;-1;149;24;51;172;-1;-1;50;193;71;-1;15;111;161;7;10;171;-1;95;-1;77;4;197;63;158;41;85;71;-1;191;193;-1;-1;-1;36;96;106;2;108;168;19;141;154;71;153;76;71;129;49;131;73;80;131;67;63;14;60;88;80;112;125;95;119;116;165;37
-1;171;5;15;76;79;43;-1;66;117;165;-1;6;95;-1;23;106;46;-1;96;142;51;141;95;58;109;116;0;175;105;36;95;62;117;156;96;106;-1;90;113;17;-1;32;2;116;34;57;108;128;73;175;130;128;165;185;88;-1;94;114;-1;96;169;72;195;194;116;-1;-1;-1;96;-1;6;130;68;-1;-1;117;-1;196;170;129;57;4;89;5;148;-1;1;191;-1;65;-1;-1;-1;27;103;193;138;101;133
18;-1;22;5;194;135;91;177;173;90;5;-1;56;-1;182;144;152;74;24;10;23;-1;61;29;99;116;137;175;0;-1;79;102;82;9;58;-1;32;96;72;157;72;-1;149;71;2;-1;187;77;-1;101;69;173;1;20;8;125;159;-1;135;-1;31;-1;144;-1;137;48;196;168;81;176;170;175;116;-1;14;130;179;13;-1;8;43;71;23;111;185;166;128;183;94;1;58;160;149;-1;182;56;150;9;-1;47
108;130;120;52;50;-1;-1;60;193;161;-1;144;-1;27;-1;36;42;114;75;191;-1;172;71;-1;62;85;50;105;-1;0;107;-1;83;103;45;160;37;43;167;102;-1;-1;55;-1;115;108;121;161;114;162;147;87;133;2;149;59;67;89;15;-1;87;140;3;171;44;-1;92;180;-1;170;85;109;83;189;-1;111;-1;67;68;27;200;138;188;183;72;119;113;9;45;166;193;-1;64;76;136;-1;63;-1;128;186
37;124;31;199;117;163;161;-1;80;159;-1;182;49;51;138;110;15;141;128;80;170;-1;-1;62;180;66;68;36;79;107;0;-1;21;101;26;186;92;-1;187;8;-1;41;153;127;-1;183;185;11;74;61;1;110;39;31;91;133;189;-1;165;15;109;76;99;79;-1;62;156;193;126;170;21;99;109;150;-1;-1;8;98;-1;57;176;66;100;12;-1;60;50;181;197;-1;177;114;19;77;44;188;89;135;128;-1
-1;48;198;172;56;155;166;113;82;190;138;22;113;23;138;160;88;27;181;33;71;-1;6;121;122;72;121;95;102;-1;-1;0;55;-1;97;143;-1;44;5;-1;-1;166;110;128;45;77;33;53;44;60;-1;168;-1;-1;91;57;143;-1;36;131;-1;88;53;63;12;40;-1;-1;34;-1;-1;98;174;181;107;32;104;19;-1;81;180;-1;-1;125;84;163;-1;135;-1;86;46;77;160;70;81;182;84;131;79;28
170;-1;100;52;194;-1;107;139;81;172;135;32;23;75;21;40;77;52;44;86;74;112;124;180;-1;57;56;62;82;83;21;55;0;129;129;91;196;42;85;59;15;86;152;-1;21;6;-1;125;23;-1;23;161;130;49;185;165;-1;159;-1;-1;125;-1;200;69;64;67;40;93;144;31;125;-1;180;68;78;-1;-1;-1;189;26;-1;107;-1;128;200;75;169;104;64;-1;-1;141;110;13;74;31;178;-1;-1;132
197;139;142;70;149;114;183;-1;1;-1;-1;-1;-1;28;-1;27;39;149;182;16;105;156;8;83;151;32;44;117;9;103;101;-1;129;0;44;99;-1;157;53;194;9;88;-1;57;20;3;154;107;-1;185;88;-1;71;29;150;81;75;77;116;21;172;119;53;43;27;18;1;33;-1;167;64;-1;-1;178;-1;105;197;187;126;143;189;74;36;68;-1;37;76;185;152;76;-1;-1;186;27;199;66;186;-1;129;187
-1;171;23;31;97;9;85;64;94;185;33;-1;125;-1;72;117;92;-1;-1;-1;183;141;102;65;95;173;-1;156;58;45;26;97;129;44;0;151;114;-1;188;184;19;107;134;58;122;193;124;-1;24;-1;161;42;198;129;122;-1;-1;34;153;106;83;155;58;64;132;177;62;188;101;-1;43;-1;70;190;-1;32;12;136;124;8;152;104;-1;-1;142;-1;31;141;40;1;73;157;12;78;-1;167;17;24;-1;141
71;24;-1;175;192;34;69;42;-1;179;186;170;40;-1;-1;46;-1;95;192;171;43;-1;-1;138;144;93;149;96;-1;160;186;143;91;99;151;0;30;42;-1;184;70;190;75;49;116;142;53;-1;-1;-1;135;54;52;-1;94;-1;72;-1;55;63;-1;196;100;-1;60;38;55;135;186;-1;166;-1;149;100;188;73;10;122;85;-1;109;58;-1;186;166;-1;66;89;199;-1;2;149;187;103;154;169;127;16;12;56
77;198;31;-1;-1;122;-1;134;115;55;-1;-1;146;-1;57;-1;-1;187;112;152;89;38;153;-1;24;-1;24;106;32;37;92;-1;196;-1;114;30;0;178;137;84;192;104;110;106;-1;71;189;8;162;14;81;-1;111;181;195;38;89;-1;-1;79;56;97;30;133;103;29;166;66;59;197;88;156;176;61;106;102;59;30;-1;171;-1;178;34;154;18;8;63;63;189;-1;-1;-1;137;127;88;90;198;177;-1;-1
156;-1;191;125;9;139;106;173;191;-1;13;-1;-1;120;66;146;136;124;179;133;-1;39;124;12;187;168;51;-1;96;43;-1;44;42;157;-1;42;178;0;184;166;-1;129;127;68;68;-1;142;57;-1;49;104;33;-1;93;90;-1;22;6;151;34;83;158;117;103;7;27;185;143;-1;171;10;-1;97;183;27;130;8;5;-1;50;-1;117;92;46;104;143;143;-1;97;97;23;5;197;144;90;179;193;77;165;6
146;40;-1;104;-1;50;83;197;114;-1;33;41;-1;-1;-1;121;-1;156;85;184;50;114;50;45;38;-1;172;90;72;167;187;5;85;53;188;-1;137;184;0;144;195;-1;15;44;150;-1;5;17;46;186;-1;165;34;118;140;182;139;107;62;184;153;171;150;187;76;-1;61;88;-1;-1;162;69;128;198;192;157;63;-1;-1;-1;134;-1;48;61;17;81;25;-1;184;93;101;149;151;149;156;71;62;178;199;-1
195;199;199;37;28;68;17;-1;175;165;12;10;28;112;-1;145;116;91;108;-1;18;57;188;10;37;62;-1;113;157;102;8;-1;59;194;184;184;84;166;144;0;82;-1;4;44;181;127;51;105;-1;114;6;21;137;33;169;117;-1;62;174;-1;145;191;167;142;64;-1;38;182;-1;121;-1;82;64;-1;-1;185;132;13;-1;142;158;26;194;-1;-1;158;169;73;5;55;98;-1;164;44;161;-1;136;-1;102;40
52;142;117;-1;-1;22;71;-1;-1;106;198;98;-1;102;-1;159;-1;53;-1;-1;51;44;59;-1;32;83;-1;17;72;-1;-1;-1;15;9;19;70;192;-1;195;82;0;93;157;-1;164;157;117;100;90;92;-1;-1;56;132;-1;180;-1;148;130;159;68;-1;33;161;11;-1;13;-1;166;96;145;100;78;14;94;21;181;144;114;-1;43;29;-1;47;155;19;58;65;24;3;-1;156;46;98;-1;-1;91;81;119;81
-1;69;80;6;194;100;102;55;26;133;-1;40;18;49;3;91;-1;86;22;9;38;108;49;32;1;76;50;-1;-1;-1;41;166;86;88;107;190;104;129;-1;-1;93;0;-1;46;98;81;-1;-1;193;-1;-1;-1;27;75;85;118;111;17;197;156;82;-1;11;44;174;-1;35;-1;85;18;120;35;21;95;190;91;-1;195;-1;78;115;101;51;132;163;50;70;24;-1;159;127;3;-1;-1;157;83;133;195;68;104
175;191;179;178;191;197;87;146;3;34;99;66;86;156;191;51;-1;54;-1;114;-1;-1;-1;29;45;65;193;32;149;55;153;110;152;-1;134;75;110;127;15;4;157;-1;0;154;-1;198;-1;-1;54;86;-1;56;46;-1;23;-1;-1;-1;53;60;13;129;118;70;123;172;73;-1;12;-1;121;63;110;174;77;60;8;152;55;50;47;22;61;154;156;131;125;149;120;6;178;-1;102;139;-1;123;173;54;-1;-1
25;-1;-1;-1;9;14;32;-1;80;87;70;155;86;-1;145;199;191;81;155;133;136;122;60;164;125;63;71;2;71;-1;127;128;-1;57;58;49;106;68;44;44;-1;46;154;0;34;152;89;-1;151;121;125;125;79;-1;-1;33;8;168;59;92;187;159;11;73;9;-1;36;115;126;4;158;149;166;99;143;42;129;-1;193;16;30;15;154;-1;197;141;102;-1;31;195;186;-1;31;76;144;79;73;73;129;149
146;65;-1;82;65;195;-1;135;18;51;34;-1;-1;71;128;25;128;189;127;168;10;169;87;21;188;155;-1;116;2;115;-1;45;21;20;122;116;-1;68;150;181;164;98;-1;34;0;39;34;-1;119;-1;82;-1;44;182;5;-1;159;-1;-1;195;140;174;2;138;143;-1;21;169;11;-1;62;196;26;-1;4;107;-1;36;188;113;-1;137;64;33;51;18;102;-1;-1;95;-1;108;196;104;54;176;-1;111;101;79
-1;105;152;8;121;-1;155;2;130;166;-1;-1;186;31;154;57;169;124;79;25;24;199;47;66;98;60;15;34;-1;108;183;77;6;3;193;142;71;-1;-1;127;157;81;198;152;39;0;192;8;196;147;102;42;174;150;184;-1;198;-1;78;80;123;60;94;119;121;17;-1;196;40;153;38;-1;68;138;-1;146;88;115;139;137;148;133;4;111;-1;117;190;122;11;-1;197;110;132;144;147;126;170;90;5;129
68;150;172;83;129;167;56;183;-1;103;160;32;113;-1;47;79;30;77;-1;104;17;68;43;121;182;57;111;57;187;121;185;33;-1;154;124;53;189;142;5;51;117;-1;-1;89;34;192;0;13;114;191;106;192;171;107;180;31;45;111;196;174;6;185;152;121;33;100;-1;7;112;84;-1;-1;-1;112;98;59;38;-1;-1;89;51;-1;170;22;51;187;131;-1;-1;140;115;177;121;107;-1;12;98;-1;74;188
191;62;50;118;56;57;40;154;171;200;174;178;172;153;59;-1;120;-1;86;5;115;43;36;-1;64;169;161;108;77;161;11;53;125;107;-1;-1;8;57;17;105;100;-1;-1;-1;-1;8;13;0;66;-1;182;51;18;-1;71;151;87;21;-1;159;117;-1;181;198;33;-1;114;154;-1;136;145;182;187;45;123;70;-1;96;-1;40;136;49;93;39;-1;159;73;-1;48;37;99;-1;79;183;55;-1;182;49;-1;64
123;45;122;176;-1;3;153;179;157;-1;-1;116;10;24;1;137;-1;8;28;182;160;67;86;29;126;163;7;128;-1;114;74;44;23;-1;24;-1;162;-1;46;-1;90;193;54;151;119;196;114;66;0;-1;154;16;104;-1;115;48;180;69;70;75;147;-1;128;96;100;-1;130;192;63;124;173;139;-1;89;-1;159;-1;89;82;85;19;-1;26;-1;-1;-1;21;6;83;186;12;-1;78;196;181;-1;-1;160;88;67
21;29;-1;84;30;-1;9;193;18;153;86;105;72;166;38;50;69;142;64;196;37;-1;82;51;-1;35;10;73;101;162;61;60;-1;185;-1;-1;14;49;186;114;92;-1;86;121;-1;147;191;-1;-1;0;-1;178;-1;-1;5;91;169;-1;28;-1;197;168;-1;171;-1;100;184;111;159;157;176;34;166;28;162;-1;195;112;97;-1;50;53;-1;97;76;128;109;94;196;193;150;109;144;70;133;107;82;111;-1;151
-1;110;72;21;150;137;5;153;61;28;-1;80;39;74;-1;63;-1;100;93;159;134;103;137;76;112;116;171;175;69;147;1;-1;23;88;161;135;81;104;-1;6;-1;-1;-1;125;82;102;106;182;154;-1;0;115;111;111;67;23;68;22;198;121;173;151;149;15;1;186;22;55;8;105;-1;19;71;35;-1;159;-1;-1;-1;64;-1;103;23;58;43;68;81;51;169;64;193;92;41;-1;8;-1;87;-1;79;173
-1;133;52;90;-1;-1;-1;100;178;-1;39;3;191;127;59;95;7;108;62;117;180;-1;81;20;71;163;-1;130;173;87;110;168;161;-1;42;54;-1;33;165;21;-1;-1;56;125;-1;42;192;51;16;178;115;0;-1;160;178;100;88;184;73;155;-1;57;74;53;26;59;41;168;64;133;-1;-1;-1;103;126;158;168;126;27;-1;125;24;95;110;196;38;105;46;199;182;105;103;184;14;173;3;-1;172;186;51
66;92;117;97;-1;151;42;-1;163;190;35;133;175;88;-1;95;151;99;56;122;188;15;28;21;68;28;95;128;1;133;39;-1;130;71;198;52;111;-1;34;137;56;27;46;79;44;174;171;18;104;-1;111;-1;0;114;10;-1;97;38;175;16;157;183;4;-1;159;100;118;52;11;125;180;-1;121;113;48;129;188;-1;101;-1;106;126;-1;118;107;88;82;-1;121;130;-1;140;59;-1;120;177;-1;122;155;178
63;-1;177;58;23;-1;122;88;194;-1;-1;67;127;156;161;82;-1;-1;-1;-1;152;-1;-1;84;110;146;-1;165;20;2;31;-1;49;29;129;-1;181;93;118;33;132;75;-1;-1;182;150;107;-1;-1;-1;111;160;114;0;41;68;45;174;-1;70;103;-1;33;103;15;-1;176;47;-1;150;152;4;-1;13;29;77;-1;139;146;70;49;89;197;172;127;-1;34;137;82;-1;51;198;51;117;133;81;20;123;114;135
-1;63;54;149;158;17;157;106;125;-1;-1;83;192;-1;30;6;116;103;165;161;22;94;49;156;117;137;77;185;8;149;91;91;185;150;122;94;195;90;140;169;-1;85;23;-1;5;184;180;71;115;5;67;178;10;41;0;-1;152;149;161;179;176;142;-1;20;21;107;36;44;-1;184;176;185;29;190;94;-1;25;129;67;48;30;173;154;-1;176;150;19;11;82;-1;110;115;158;-1;115;1;163;87;192;170
161;52;-1;99;174;106;87;-1;-1;122;91;115;61;-1;39;14;72;170;48;-1;189;122;9;-1;178;143;4;88;125;59;133;57;165;81;-1;-1;38;-1;182;117;180;118;-1;33;-1;-1;31;151;48;91;23;100;-1;68;-1;0;80;97;98;71;-1;159;-1;165;19;183;13;3;141;162;55;39;105;-1;103;155;54;-1;39;42;195;14;4;90;8;99;166;191;-1;-1;42;60;123;130;177;-1;166;108;19;147
-1;141;187;12;4;40;-1;121;-1;98;24;156;26;193;147;-1;-1;90;134;108;99;-1;86;26;-1;69;197;-1;159;67;189;143;-1;75;-1;72;89;22;139;-1;-1;111;-1;8;159;198;45;87;180;169;68;88;97;45;152;80;0;18;57;89;-1;42;42;112;-1;98;33;190;86;71;18;-1;136;-1;105;182;87;-1;18;120;12;148;-1;44;-1;11;-1;136;165;160;94;-1;165;168;133;63;97;163;192;-1
175;12;189;193;22;-1;57;25;47;27;130;70;-1;191;8;176;107;58;191;82;131;116;136;187;154;50;63;94;-1;89;-1;-1;159;77;34;-1;-1;6;107;62;148;17;-1;168;-1;-1;111;21;69;-1;22;184;38;174;149;97;18;0;6;45;137;42;179;153;65;49;31;180;173;139;114;76;169;13;113;23;36;175;10;117;-1;126;40;127;169;174;32;103;-1;-1;31;110;30;199;109;126;23;-1;134;23
26;174;148;-1;91;194;20;153;125;12;129;-1;131;192;179;137;3;8;-1;87;147;97;33;155;115;103;158;114;135;15;165;36;-1;116;153;55;-1;151;62;174;130;197;53;59;-1;78;196;-1;70;28;198;73;175;-1;161;98;57;6;0;11;163;193;45;91;-1;62;-1;77;91;72;151;-1;68;9;132;99;-1;-1;55;109;190;9;-1;88;26;-1;43;100;164;121;37;12;117;102;81;193;17;74;28;179
198;123;37;146;111;124;60;182;118;28;73;-1;-1;160;192;67;117;68;159;143;118;17;16;98;1;-1;41;-1;-1;-1;15;131;-1;21;106;63;79;34;184;-1;159;156;60;92;195;80;174;159;75;-1;121;155;16;70;179;71;89;45;11;0;6;181;-1;121;7;-1;189;155;112;31;187;156;-1;146;200;-1;128;72;-1;-1;10;-1;140;83;181;163;144;86;190;-1;125;45;116;2;105;-1;133;12;85;109
87;-1;-1;180;39;72;102;42;-1;110;188;106;-1;6;168;89;9;8;-1;31;-1;3;-1;6;153;125;85;96;31;87;109;-1;125;172;83;-1;56;83;153;145;68;82;13;187;140;123;6;117;147;197;173;-1;157;103;176;-1;-1;137;163;6;0;175;-1;149;120;101;66;124;24;114;190;-1;119;-1;-1;163;-1;-1;-1;61;10;155;27;89;66;73;70;159;-1;131;-1;-1;-1;54;155;92;10;198;198;184
55;177;-1;148;48;47;112;-1;-1;160;50;120;114;-1;100;178;-1;46;-1;153;152;42;70;158;7;7;71;169;-1;140;76;88;-1;119;155;196;97;158;171;191;-1;-1;129;159;174;60;185;-1;-1;168;151;57;183;-1;142;159;42;42;193;181;175;0;161;187;167;-1;134;98;77;161;54;47;59;31;39;147;88;23;-1;91;27;-1;78;87;55;187;142;42;24;30;54;100;122;-1;10;139;62;50;56;110
87;83;195;99;181;48;161;77;108;164;17;-1;66;3;-1;-1;122;99;81;84;120;145;-1;54;156;-1;-1;72;144;3;99;53;200;53;58;100;30;117;150;167;33;11;118;11;2;94;152;181;128;-1;149;74;4;33;-1;-1;42;179;45;-1;-1;161;0;166;189;130;17;-1;26;125;189;-1;6;137;156;-1;85;42;63;-1;2;62;160;95;55;51;-1;55;122;135;187;80;180;128;137;197;27;141;79;33
186;36;72;157;-1;43;155;139;-1;-1;58;157;85;45;-1;73;-1;153;125;58;-1;122;17;-1;75;34;191;195;-1;171;79;63;69;43;64;-1;133;103;187;142;161;44;70;73;138;119;121;198;96;171;15;53;-1;103;20;165;112;153;91;121;149;187;166;0;82;127;39;96;46;47;38;-1;65;40;93;184;-1;89;145;194;165;58;-1;25;123;28;80;168;45;-1;172;159;80;118;165;80;15;185;197;151
-1;124;-1;108;117;110;48;76;3;119;-1;-1;-1;114;5;117;30;25;55;111;82;80;-1;40;184;6;193;194;137;44;-1;12;64;27;132;60;103;7;76;64;11;174;123;9;143;121;33;33;100;-1;1;26;159;15;21;19;-1;65;-1;7;120;167;189;82;0;28;-1;-1;82;106;106;160;80;-1;193;5;-1;97;179;134;-1;191;104;168;35;80;64;174;6;65;17;-1;193;164;18;153;15;166;127;113
99;48;107;156;53;77;16;143;195;4;153;-1;199;189;7;94;107;-1;85;176;29;116;122;187;153;166;-1;116;48;-1;62;40;67;18;177;38;29;27;-1;-1;-1;-1;172;-1;-1;17;100;-1;-1;100;186;59;100;-1;107;183;98;49;62;-1;101;-1;130;127;28;0;13;49;143;161;178;91;200;57;101;60;141;128;74;11;-1;79;-1;-1;192;144;17;-1;197;5;169;175;86;69;103;107;93;141;156;196
8;125;-1;170;69;138;76;117;147;74;26;50;113;92;-1;-1;-1;54;73;85;139;44;96;32;154;25;-1;-1;196;92;156;-1;40;1;62;55;166;185;61;38;13;35;73;36;21;-1;-1;114;130;184;22;41;118;176;36;13;33;31;-1;189;66;134;17;39;-1;13;0;16;160;-1;196;190;77;6;-1;-1;87;3;6;-1;118;-1;173;-1;100;180;171;-1;154;178;-1;144;17;174;184;51;117;74;115;-1
78;200;125;194;-1;46;112;21;97;24;-1;-1;-1;84;47;140;191;67;-1;6;194;177;168;69;154;-1;-1;-1;168;180;193;-1;93;33;188;135;66;143;88;182;-1;-1;-1;115;169;196;7;154;192;111;55;168;52;47;44;3;190;180;77;155;124;98;-1;96;-1;49;16;0;62;144;123;199;-1;42;86;73;-1;-1;31;164;-1;142;105;-1;184;-1;-1;4;34;170;145;-1;-1;51;128;17;98;196;91;173
68;-1;-1;80;-1;158;-1;-1;117;-1;114;140;-1;93;15;66;20;5;144;82;93;88;129;194;151;139;36;-1;81;-1;126;34;144;-1;101;186;59;-1;-1;-1;166;85;12;126;11;40;112;-1;63;159;8;64;11;-1;-1;141;86;173;91;112;24;77;26;46;82;143;160;62;0;166;120;186;-1;62;-1;73;194;80;44;-1;84;-1;64;19;63;50;175;165;124;88;90;103;155;-1;-1;143;14;181;107;13
93;92;182;-1;184;125;22;-1;87;170;109;67;73;181;-1;73;53;117;94;-1;110;10;176;156;116;46;96;96;176;170;170;-1;31;167;-1;-1;197;171;-1;121;96;18;-1;4;-1;153;84;136;124;157;105;133;125;150;184;162;71;139;72;31;114;161;125;47;106;161;-1;144;166;0;63;-1;5;75;-1;198;163;87;-1;-1;139;125;120;88;-1;-1;33;54;146;122;127;159;-1;-1;155;187;69;200;166;-1
175;139;-1;146;57;77;181;-1;16;-1;185;75;102;15;48;91;35;28;21;33;-1;50;-1;54;194;111;106;-1;170;85;21;-1;125;64;43;166;88;10;162;-1;145;120;121;158;62;38;-1;145;173;176;-1;-1;180;152;176;55;18;114;151;187;190;54;189;38;106;178;196;123;120;63;0;2;96;76;179;-1;150;175;-1;197;132;8;57;109;57;138;8;-1;159;141;70;86;36;114;144;126;169;146;2;71
193;25;-1;180;132;24;19;75;112;31;155;90;-1;126;168;193;140;41;13;-1;-1;134;27;-1;148;46;2;6;175;109;99;98;-1;-1;-1;-1;156;-1;69;82;100;35;63;149;196;-1;-1;182;139;34;19;-1;-1;4;185;39;-1;76;-1;156;-1;47;-1;-1;160;91;190;199;186;-1;2;0;163;101;-1;63;-1;94;148;160;116;116;92;45;92;71;13;131;107;90;140;111;100;-1;9;35;-1;73;162;185
143;147;116;15;-1;115;30;-1;188;2;12;17;72;-1;165;182;122;66;-1;146;127;43;-1;48;-1;42;108;130;116;83;109;174;180;-1;70;149;176;97;128;64;78;21;110;166;26;68;-1;187;-1;166;71;-1;121;-1;29;105;136;169;68;-1;119;59;6;65;80;200;77;-1;-1;5;96;163;0;144;-1;28;48;-1;93;141;-1;-1;166;-1;19;78;-1;41;116;-1;155;6;51;-1;154;29;47;184;106;-1
5;100;6;-1;187;22;183;65;156;58;59;7;96;46;144;196;37;-1;135;-1;149;-1;96;-1;191;19;168;68;-1;189;150;181;68;178;190;100;61;183;198;-1;14;95;174;99;-1;138;112;45;89;28;35;103;113;13;190;-1;-1;13;9;146;-1;31;137;40;-1;57;6;42;62;75;76;101;144;0;159;156;185;37;200;173;44;112;87;74;102;-1;142;32;5;176;53;7;136;114;12;-1;122;139;66;70
9;132;14;69;61;-1;49;1;183;183;38;157;1;195;139;67;3;20;141;147;22;-1;-1;-1;69;180;19;-1;14;-1;-1;107;78;-1;-1;188;106;27;192;-1;94;190;77;143;4;-1;98;123;-1;162;-1;126;48;29;94;103;105;113;132;200;-1;39;156;93;193;101;-1;86;-1;-1;179;-1;-1;159;0;115;189;59;188;-1;101;21;10;60;-1;157;11;184;2;-1;17;179;3;174;72;-1;124;-1;10;57
63;170;-1;33;94;71;38;-1;59;-1;169;185;-1;15;98;5;160;32;-1;62;37;84;13;127;6;46;141;-1;130;111;-1;32;-1;105;32;73;102;130;157;185;21;91;60;42;107;146;59;70;159;-1;159;158;129;77;-1;155;182;23;99;-1;163;147;-1;184;5;60;-1;73;73;198;-1;63;28;156;115;0;11;65;47;-1;80;-1;142;24;-1;-1;9;144;-1;-1;-1;189;167;11;1;178;112;93;115;146
139;152;101;181;83;-1;24;-1;175;163;23;75;112;25;70;172;126;4;151;18;-1;-1;22;57;191;167;154;117;179;-1;8;104;-1;197;12;10;59;8;63;132;181;-1;8;129;-1;88;38;-1;-1;195;-1;168;188;-1;25;54;87;36;-1;128;-1;88;85;-1;-1;141;87;-1;194;163;150;-1;48;185;189;11;0;50;62;-1;113;132;162;158;52;196;100;72;150;112;119;90;21;104;115;44;49;189;166;-1
17;7;129;19;163;115;113;146;106;45;87;146;44;126;101;96;-1;52;188;110;168;170;107;2;-1;12;71;-1;13;67;98;19;-1;187;136;122;30;5;-1;13;144;195;152;-1;36;115;-1;96;89;112;-1;126;-1;139;129;-1;-1;175;-1;72;-1;23;42;89;97;128;3;-1;80;87;175;94;-1;37;59;65;50;0;88;59;32;76;60;195;107;141;199;177;95;50;57;-1;189;67;192;82;131;23;183;-1
16;90;181;123;176;43;-1;55;68;-1;163;63;-1;-1;172;165;188;20;198;155;-1;171;112;64;143;161;153;196;-1;68;-1;-1;189;126;124;85;-1;-1;-1;-1;114;-1;55;193;188;139;-1;-1;82;97;-1;27;101;146;67;39;18;10;55;-1;-1;-1;63;145;179;74;6;31;44;-1;-1;148;93;200;188;47;62;88;0;53;170;143;116;-1;173;95;180;105;82;35;97;78;96;-1;-1;24;166;-1;-1;154
108;87;61;180;-1;36;34;191;184;-1;-1;150;152;68;88;113;198;100;-1;181;174;148;18;106;18;-1;76;170;8;27;57;81;26;143;8;-1;171;50;-1;142;-1;78;50;16;113;137;89;40;85;-1;64;-1;-1;70;48;42;120;117;109;-1;61;91;-1;194;134;11;-1;164;-1;-1;197;160;141;173;-1;-1;-1;59;53;0;111;133;64;167;-1;134;74;131;165;176;82;62;82;-1;98;91;193;69;143;181
190;57;180;98;53;20;156;22;187;162;171;176;162;67;137;53;62;181;102;162;121;14;30;30;171;147;71;129;43;200;176;180;-1;189;152;109;-1;-1;134;158;43;115;47;30;-1;148;51;136;19;50;-1;125;106;49;30;195;12;-1;190;10;10;27;2;165;-1;-1;118;-1;84;139;132;116;-1;44;101;80;113;32;170;111;0;200;98;-1;78;126;-1;-1;-1;93;-1;43;76;14;167;-1;27;51;-1;77
95;163;132;71;35;154;126;-1;-1;25;88;56;-1;165;-1;-1;45;132;52;148;67;112;99;-1;84;-1;129;57;71;138;66;-1;107;74;104;58;178;117;-1;26;29;101;22;15;137;133;-1;49;-1;53;103;24;126;89;173;14;148;126;9;-1;155;-1;62;58;191;79;-1;142;-1;125;8;116;-1;112;21;-1;132;76;143;133;200;0;28;44;-1;120;-1;103;-1;48;73;85;155;12;3;95;-1;7;175;157
-1;65;6;-1;1;-1;125;-1;108;200;185;125;-1;3;-1;103;81;86;126;152;21;-1;114;163;-1;90;49;4;23;188;100;-1;-1;36;-1;-1;34;92;48;194;-1;51;61;154;64;4;170;93;26;-1;23;95;-1;197;154;4;-1;40;-1;140;27;78;160;-1;104;-1;173;105;64;120;57;92;166;87;10;142;162;60;116;64;98;28;0;-1;21;82;100;140;75;189;36;105;117;76;97;44;-1;-1;41;162
106;179;99;38;40;-1;124;-1;-1;137;48;75;21;124;-1;-1;172;29;145;184;131;177;122;93;172;67;131;89;111;183;12;125;128;68;-1;186;154;46;61;-1;47;132;154;-1;33;111;22;39;-1;97;58;110;118;172;-1;90;44;127;88;83;89;87;95;25;168;-1;-1;-1;19;88;109;45;-1;74;60;24;158;195;-1;167;-1;44;-1;0;118;171;11;-1;183;-1;22;180;43;-1;148;107;63;168;34;30
-1;49;167;26;143;82;-1;-1;158;135;-1;128;-1;100;18;86;177;174;185;79;189;89;193;-1;169;-1;73;5;185;72;-1;84;200;-1;142;166;18;104;17;-1;155;163;156;197;51;-1;51;-1;-1;76;43;196;107;127;176;8;-1;169;26;181;66;55;55;123;35;192;100;184;63;-1;57;92;19;102;-1;-1;52;107;173;-1;78;-1;21;118;0;-1;124;176;94;1;64;-1;-1;52;1;111;84;49;-1;100
140;82;109;158;76;118;93;187;126;-1;106;65;6;63;92;42;-1;184;175;188;-1;80;-1;193;74;76;80;148;166;119;60;163;75;37;-1;-1;8;143;81;158;19;50;131;141;18;117;187;159;-1;128;68;38;88;-1;150;99;11;174;-1;163;73;187;51;28;80;144;180;-1;50;-1;138;71;78;-1;157;-1;196;141;95;134;126;120;82;171;-1;0;197;3;59;-1;166;46;130;155;20;-1;-1;2;167;-1
99;92;94;143;199;-1;-1;72;165;135;125;-1;-1;174;49;178;50;64;117;-1;45;119;49;103;173;101;131;-1;128;113;50;-1;169;76;31;66;63;143;25;169;58;70;125;102;102;190;131;73;21;109;81;105;82;34;19;166;-1;32;43;144;70;142;-1;80;64;17;171;-1;175;33;8;13;-1;142;11;9;100;199;180;74;-1;-1;100;11;124;197;0;-1;129;16;-1;126;86;3;89;101;-1;160;-1;31
87;60;-1;55;15;116;29;101;55;164;155;34;8;36;32;163;188;-1;29;124;-1;146;99;111;135;12;67;1;183;9;181;135;104;185;141;89;63;-1;-1;73;65;24;149;-1;-1;122;-1;-1;6;94;51;46;-1;137;11;191;136;103;100;86;159;42;55;168;174;-1;-1;4;165;54;-1;131;41;32;184;144;72;177;105;131;-1;103;140;-1;176;3;-1;0;162;-1;74;49;-1;-1;171;81;109;57;118;2
-1;103;36;26;70;65;81;-1;70;67;110;87;108;128;169;200;-1;-1;119;178;122;150;109;103;162;74;63;191;94;45;197;-1;64;152;40;199;189;97;184;5;24;-1;120;31;-1;11;-1;48;83;196;169;199;121;82;82;-1;165;-1;164;190;-1;24;122;45;6;197;154;34;124;146;159;107;116;5;2;-1;150;95;82;165;-1;-1;75;183;94;59;129;162;0;-1;96;4;200;57;-1;156;6;164;173;100
71;-1;-1;57;133;-1;29;-1;37;90;188;70;21;177;45;44;44;59;193;88;145;-1;28;107;85;71;14;-1;1;166;-1;86;-1;76;1;-1;-1;97;93;55;3;159;6;195;95;-1;140;37;186;193;64;182;130;-1;-1;-1;160;-1;121;-1;131;30;135;-1;65;5;178;170;88;122;141;90;-1;176;-1;-1;112;50;35;176;93;48;189;-1;1;-1;16;-1;-1;0;-1;-1;175;189;-1;176;-1;111;58;2
7;160;139;-1;5;65;36;-1;82;73;-1;195;197;156;81;-1;165;-1;146;139;-1;71;-1;117;149;79;60;65;58;193;177;46;-1;-1;73;2;-1;23;101;98;-1;127;178;186;-1;197;115;99;12;150;193;105;-1;51;110;42;94;31;37;125;-1;54;187;172;17;169;-1;145;90;127;70;140;155;53;17;-1;119;57;97;82;-1;73;36;22;64;166;-1;74;96;-1;0;102;182;-1;149;29;131;158;76;69
-1;47;172;149;12;55;55;148;44;89;-1;56;-1;76;-1;130;-1;24;161;-1;113;125;12;137;98;86;88;-1;160;-1;114;77;141;-1;157;149;-1;5;149;-1;156;3;-1;-1;108;110;177;-1;-1;109;92;103;140;198;115;60;-1;110;12;45;-1;100;80;159;-1;175;144;-1;103;159;86;111;6;7;179;189;90;-1;78;62;43;85;105;180;-1;46;126;49;4;-1;102;0;197;-1;146;20;-1;71;39;9
-1;187;100;147;168;58;64;93;33;51;31;40;187;97;186;93;57;123;53;94;11;165;104;105;-1;122;80;-1;149;64;19;160;110;186;12;187;137;197;151;164;46;-1;102;31;196;132;121;79;78;144;41;184;59;51;158;123;165;30;117;116;-1;122;180;80;193;86;17;-1;155;-1;36;100;51;136;3;167;21;189;96;82;76;155;117;43;-1;130;86;-1;200;175;182;197;0;1;60;123;-1;3;196;-1
-1;172;122;120;-1;64;59;192;97;-1;156;142;73;162;134;-1;-1;100;154;6;41;-1;28;-1;65;-1;112;-1;-1;76;77;70;13;27;78;103;127;144;149;44;98;-1;139;76;104;144;107;183;196;70;-1;14;-1;117;-1;130;168;199;102;2;54;-1;128;118;164;69;174;51;-1;-1;114;-1;-1;114;174;11;104;67;-1;-1;14;12;76;-1;52;155;3;-1;57;189;-1;-1;1;0;28;41;-1;-1;70;-1
-1;174;155;146;137;66;59;135;149;38;198;61;-1;7;-1;40;171;127;106;87;73;122;90;129;162;126;125;27;182;136;44;81;74;199;-1;154;88;90;156;161;-1;157;-1;144;54;147;-1;55;181;133;8;173;120;133;115;177;133;109;81;105;155;10;137;165;18;103;184;128;-1;155;144;9;154;12;72;1;115;192;-1;98;167;3;97;148;1;20;89;171;-1;-1;149;146;60;28;0;-1;-1;93;-1;30
-1;172;194;63;-1;105;121;-1;108;28;86;73;75;156;6;186;-1;-1;35;17;106;134;-1;27;16;112;95;103;56;-1;188;182;31;66;167;169;90;179;71;-1;-1;83;123;79;176;126;12;-1;-1;107;-1;3;177;81;1;-1;63;126;193;-1;92;139;197;80;153;107;51;17;143;187;126;35;29;-1;-1;178;44;82;24;91;-1;95;44;107;111;-1;101;81;156;176;29;20;123;41;-1;0;168;88;139;10
66;42;-1;52;50;55;11;137;184;-1;51;70;79;87;24;-1;16;48;-1;93;30;25;7;-1;40;173;119;193;150;63;89;84;178;186;17;127;198;193;62;136;91;133;173;73;-1;170;98;182;-1;82;87;-1;-1;20;163;166;97;23;17;133;10;62;27;15;15;93;117;98;14;69;169;-1;47;122;124;112;49;131;166;193;27;-1;-1;63;84;-1;-1;109;6;-1;131;-1;-1;-1;-1;168;0;90;20;168
133;58;199;-1;130;167;131;106;-1;103;114;94;2;-1;183;-1;-1;113;22;129;-1;103;164;5;18;157;116;138;9;-1;135;131;-1;-1;24;16;177;77;178;-1;81;195;54;73;111;90;-1;49;160;111;-1;172;122;123;87;108;163;-1;74;12;198;50;141;185;166;141;74;196;181;200;146;73;184;139;-1;93;189;23;-1;69;51;7;-1;168;49;2;160;57;164;111;158;71;3;-1;93;88;90;0;95;191
81;-1;31;93;151;-1;113;106;193;-1;99;173;161;91;130;-1;171;-1;131;107;93;60;44;-1;139;39;165;101;-1;128;128;79;-1;129;-1;12;-1;165;199;102;119;68;-1;129;101;5;74;-1;88;-1;79;186;155;114;192;19;192;134;28;85;198;56;79;197;127;156;115;91;107;166;2;162;106;66;10;115;166;183;-1;143;-1;175;41;34;-1;167;-1;118;173;58;76;39;196;70;-1;139;20;95;0;32
166;-1;24;124;85;87;-1;105;36;72;150;190;79;96;-1;173;114;-1;82;129;27;36;27;183;1;76;37;133;47;186;-1;28;132;187;141;56;-1;6;-1;40;81;104;-1;149;79;129;188;64;67;151;173;51;178;135;170;147;-1;23;179;109;184;110;33;151;113;196;-1;173;13;-1;71;185;-1;70;57;146;-1;-1;154;181;77;157;162;30;100;-1;31;2;100;2;69;9;-1;-1;30;10;168;191;32;0

18;1
